Workbook

Sheet Sheet1
B2: face value | C2: 1000
B3: coupon rate | C3: 0.06375
B4: frequency | C4: 2
B5: coupon payment | C5: =C2*C3/C4 -> 31.875
B6: maturity (in years) | C6: 5
B7: YTM (APR) | C7: 0.06375
B9: PV | C9: =($C$5/($C$7/$C$4))*(1-1/(1+$C$7/$C$4)^($C$6*$C$4))+($C$2)/(1+$C$7/$C$4)^($C$6*$C$4) -> 1000

Sheet Sheet2
B2: Interest Rate | C2: PV
B3: 0
B4: =B3+0.025% -> 0.00025 | C4: =(Sheet1!$C$5/(B4/Sheet1!$C$4))*(1-1/(1+B4/2)^(Sheet1!$C$6*Sheet1!$C$4))+(Sheet1!$C$2)/(1+B4/Sheet1!$C$4)^(Sheet1!$C$6*Sheet1!$C$4) -> 1317.2818
B5: =B4+0.025% -> 0.0005 | C5: =(Sheet1!$C$5/(B5/Sheet1!$C$4))*(1-1/(1+B5/2)^(Sheet1!$C$6*Sheet1!$C$4))+(Sheet1!$C$2)/(1+B5/Sheet1!$C$4)^(Sheet1!$C$6*Sheet1!$C$4) -> 1315.8156
B6: =B5+0.025% -> 0.00075 | C6: =(Sheet1!$C$5/(B6/Sheet1!$C$4))*(1-1/(1+B6/2)^(Sheet1!$C$6*Sheet1!$C$4))+(Sheet1!$C$2)/(1+B6/Sheet1!$C$4)^(Sheet1!$C$6*Sheet1!$C$4) -> 1314.3513
B7: =B6+0.025% -> 0.001 | C7: =(Sheet1!$C$5/(B7/Sheet1!$C$4))*(1-1/(1+B7/2)^(Sheet1!$C$6*Sheet1!$C$4))+(Sheet1!$C$2)/(1+B7/Sheet1!$C$4)^(Sheet1!$C$6*Sheet1!$C$4) -> 1312.8889
B8: =B7+0.025% -> 0.00125 | C8: =(Sheet1!$C$5/(B8/Sheet1!$C$4))*(1-1/(1+B8/2)^(Sheet1!$C$6*Sheet1!$C$4))+(Sheet1!$C$2)/(1+B8/Sheet1!$C$4)^(Sheet1!$C$6*Sheet1!$C$4) -> 1311.4285
B9: =B8+0.025% -> 0.0015 | C9: =(Sheet1!$C$5/(B9/Sheet1!$C$4))*(1-1/(1+B9/2)^(Sheet1!$C$6*Sheet1!$C$4))+(Sheet1!$C$2)/(1+B9/Sheet1!$C$4)^(Sheet1!$C$6*Sheet1!$C$4) -> 1309.9699
B10: =B9+0.025% -> 0.00175 | C10: =(Sheet1!$C$5/(B10/Sheet1!$C$4))*(1-1/(1+B10/2)^(Sheet1!$C$6*Sheet1!$C$4))+(Sheet1!$C$2)/(1+B10/Sheet1!$C$4)^(Sheet1!$C$6*Sheet1!$C$4) -> 1308.5133
B11: =B10+0.025% -> 0.002 | C11: =(Sheet1!$C$5/(B11/Sheet1!$C$4))*(1-1/(1+B11/2)^(Sheet1!$C$6*Sheet1!$C$4))+(Sheet1!$C$2)/(1+B11/Sheet1!$C$4)^(Sheet1!$C$6*Sheet1!$C$4) -> 1307.0586
B12: =B11+0.025% -> 0.00225 | C12: =(Sheet1!$C$5/(B12/Sheet1!$C$4))*(1-1/(1+B12/2)^(Sheet1!$C$6*Sheet1!$C$4))+(Sheet1!$C$2)/(1+B12/Sheet1!$C$4)^(Sheet1!$C$6*Sheet1!$C$4) -> 1305.6059
B13: =B12+0.025% -> 0.0025 | C13: =(Sheet1!$C$5/(B13/Sheet1!$C$4))*(1-1/(1+B13/2)^(Sheet1!$C$6*Sheet1!$C$4))+(Sheet1!$C$2)/(1+B13/Sheet1!$C$4)^(Sheet1!$C$6*Sheet1!$C$4) -> 1304.155
B14: =B13+0.025% -> 0.00275 | C14: =(Sheet1!$C$5/(B14/Sheet1!$C$4))*(1-1/(1+B14/2)^(Sheet1!$C$6*Sheet1!$C$4))+(Sheet1!$C$2)/(1+B14/Sheet1!$C$4)^(Sheet1!$C$6*Sheet1!$C$4) -> 1302.7061
B15: =B14+0.025% -> 0.003 | C15: =(Sheet1!$C$5/(B15/Sheet1!$C$4))*(1-1/(1+B15/2)^(Sheet1!$C$6*Sheet1!$C$4))+(Sheet1!$C$2)/(1+B15/Sheet1!$C$4)^(Sheet1!$C$6*Sheet1!$C$4) -> 1301.259
... B443: =B442+0.025% -> 0.11 | C443: =(Sheet1!$C$5/(B443/Sheet1!$C$4))*(1-1/(1+B443/2)^(Sheet1!$C$6*Sheet1!$C$4))+(Sheet1!$C$2)/(1+B443/Sheet1!$C$4)^(Sheet1!$C$6*Sheet1!$C$4) -> 825.6924
